win_loss,game_location,game_date,game_duration,game_player,game_agent,game_avgScore,game_kda,game_attackKills,game_attackDeaths,game_attackAssists,game_attackKD,game_attackDamage,game_defenseKills,game_defenseDeaths,game_defenseAssists,game_defenseKD,game_defenseDamage,game_weapon_type,game_weapon_name,game_weapon_kills,game_weapon_damage
Win,Haven,"10/05/20, 2:58 PM",25m 29s,shehroz303,https://trackercdn.com/cdn/tracker.gg/valorant/db/agents/reyna_thumb.png,325,19 / 6 / 3,15,5,2,3,2605,4,1,1,4,322,Assault Rifles,Vandal,10,1882
Win,Haven,"10/05/20, 2:58 PM",25m 29s,shehroz303,https://trackercdn.com/cdn/tracker.gg/valorant/db/agents/reyna_thumb.png,325,19 / 6 / 3,15,5,2,3,2605,4,1,1,4,322,SMGs,Spectre,4,616
Win,Haven,"10/05/20, 2:58 PM",25m 29s,shehroz303,https://trackercdn.com/cdn/tracker.gg/valorant/db/agents/reyna_thumb.png,325,19 / 6 / 3,15,5,2,3,2605,4,1,1,4,322,Assault Rifles,Phantom,4,464
Win,Haven,"10/05/20, 2:58 PM",25m 29s,shehroz303,https://trackercdn.com/cdn/tracker.gg/valorant/db/agents/reyna_thumb.png,325,19 / 6 / 3,15,5,2,3,2605,4,1,1,4,322,Sidearms,Ghost,1,144
Win,Haven,"10/05/20, 2:58 PM",25m 29s,GiantGochu,https://trackercdn.com/cdn/tracker.gg/valorant/db/agents/sage_thumb.png,273,15 / 7 / 3,13,6,2,2.2,1888,2,1,1,2,104,Sniper Rifles,Operator,10,1741
Win,Haven,"10/05/20, 2:58 PM",25m 29s,GiantGochu,https://trackercdn.com/cdn/tracker.gg/valorant/db/agents/sage_thumb.png,273,15 / 7 / 3,13,6,2,2.2,1888,2,1,1,2,104,Sidearms,Classic,3,324
Win,Haven,"10/05/20, 2:58 PM",25m 29s,GiantGochu,https://trackercdn.com/cdn/tracker.gg/valorant/db/agents/sage_thumb.png,273,15 / 7 / 3,13,6,2,2.2,1888,2,1,1,2,104,SMGs,Spectre,2,161
Win,Haven,"10/05/20, 2:58 PM",25m 29s,Snooc,https://titles.trackercdn.com/valorant-pak/media/03b769d630ea38cf542e3424ad0384efd0c21601.png,239,14 / 6 / 2,12,5,2,2.4,2487,2,1,0,2,67,Assault Rifles,Vandal,8,1667
Win,Haven,"10/05/20, 2:58 PM",25m 29s,Snooc,https://titles.trackercdn.com/valorant-pak/media/03b769d630ea38cf542e3424ad0384efd0c21601.png,239,14 / 6 / 2,12,5,2,2.4,2487,2,1,0,2,67,SMGs,Spectre,5,894
Win,Haven,"10/05/20, 2:58 PM",25m 29s,Snooc,https://titles.trackercdn.com/valorant-pak/media/03b769d630ea38cf542e3424ad0384efd0c21601.png,239,14 / 6 / 2,12,5,2,2.4,2487,2,1,0,2,67,Sidearms,Ghost,1,120
Win,Haven,"10/05/20, 2:58 PM",25m 29s,bebop,https://trackercdn.com/cdn/tracker.gg/valorant/db/agents/jett_thumb.png,238,14 / 8 / 3,9,7,2,1.3,1739,5,1,1,5,674,Sidearms,Ghost,6,844
Win,Haven,"10/05/20, 2:58 PM",25m 29s,bebop,https://trackercdn.com/cdn/tracker.gg/valorant/db/agents/jett_thumb.png,238,14 / 8 / 3,9,7,2,1.3,1739,5,1,1,5,674,Assault Rifles,Vandal,3,648
Win,Haven,"10/05/20, 2:58 PM",25m 29s,bebop,https://trackercdn.com/cdn/tracker.gg/valorant/db/agents/jett_thumb.png,238,14 / 8 / 3,9,7,2,1.3,1739,5,1,1,5,674,Sniper Rifles,Operator,1,278
Win,Haven,"10/05/20, 2:58 PM",25m 29s,bebop,https://trackercdn.com/cdn/tracker.gg/valorant/db/agents/jett_thumb.png,238,14 / 8 / 3,9,7,2,1.3,1739,5,1,1,5,674,Assault Rifles,Phantom,1,175
Win,Haven,"10/05/20, 2:58 PM",25m 29s,bebop,https://trackercdn.com/cdn/tracker.gg/valorant/db/agents/jett_thumb.png,238,14 / 8 / 3,9,7,2,1.3,1739,5,1,1,5,674,SMGs,Stinger,1,173
Win,Haven,"10/05/20, 2:58 PM",25m 29s,bebop,https://trackercdn.com/cdn/tracker.gg/valorant/db/agents/jett_thumb.png,238,14 / 8 / 3,9,7,2,1.3,1739,5,1,1,5,674,SMGs,Spectre,1,104
Win,Haven,"10/05/20, 2:58 PM",25m 29s,MahKat2744,https://trackercdn.com/cdn/tracker.gg/valorant/db/agents/raze_thumb.png,196,10/8/2003,8,5,2,1.6,1605,2,3,1,0.7,168,Assault Rifles,Phantom,6,1072
Win,Haven,"10/05/20, 2:58 PM",25m 29s,MahKat2744,https://trackercdn.com/cdn/tracker.gg/valorant/db/agents/raze_thumb.png,196,10/8/2003,8,5,2,1.6,1605,2,3,1,0.7,168,Sidearms,Classic,1,110
Win,Haven,"10/05/20, 2:58 PM",25m 29s,MahKat2744,https://trackercdn.com/cdn/tracker.gg/valorant/db/agents/raze_thumb.png,196,10/8/2003,8,5,2,1.6,1605,2,3,1,0.7,168,SMGs,Stinger,1,108
Loss,Haven,"10/05/20, 2:58 PM",25m 29s,A810X6,https://trackercdn.com/cdn/tracker.gg/valorant/db/agents/sage_thumb.png,177,9/14/2003,1,3,1,0.3,312,8,11,2,0.7,1526,Assault Rifles,Vandal,7,1545
Loss,Haven,"10/05/20, 2:58 PM",25m 29s,A810X6,https://trackercdn.com/cdn/tracker.gg/valorant/db/agents/sage_thumb.png,177,9/14/2003,1,3,1,0.3,312,8,11,2,0.7,1526,Sidearms,Classic,2,326
Loss,Haven,"10/05/20, 2:58 PM",25m 29s,JJDiaz4321,https://trackercdn.com/cdn/tracker.gg/valorant/db/agents/omen_thumb.png,163,7/13/2002,2,3,0,0.7,312,5,10,2,0.5,1401,Sidearms,Classic,3,560
Loss,Haven,"10/05/20, 2:58 PM",25m 29s,JJDiaz4321,https://trackercdn.com/cdn/tracker.gg/valorant/db/agents/omen_thumb.png,163,7/13/2002,2,3,0,0.7,312,5,10,2,0.5,1401,Assault Rifles,Phantom,2,390
Loss,Haven,"10/05/20, 2:58 PM",25m 29s,JJDiaz4321,https://trackercdn.com/cdn/tracker.gg/valorant/db/agents/omen_thumb.png,163,7/13/2002,2,3,0,0.7,312,5,10,2,0.5,1401,SMGs,Spectre,2,338
Loss,Haven,"10/05/20, 2:58 PM",25m 29s,Qatuh,https://trackercdn.com/cdn/tracker.gg/valorant/db/agents/viper_thumb.png,151,6/15/2001,1,3,0,0.3,197,5,12,1,0.4,1254,Assault Rifles,Phantom,2,312
Loss,Haven,"10/05/20, 2:58 PM",25m 29s,Qatuh,https://trackercdn.com/cdn/tracker.gg/valorant/db/agents/viper_thumb.png,151,6/15/2001,1,3,0,0.3,197,5,12,1,0.4,1254,Assault Rifles,Vandal,1,155
Loss,Haven,"10/05/20, 2:58 PM",25m 29s,Qatuh,https://trackercdn.com/cdn/tracker.gg/valorant/db/agents/viper_thumb.png,151,6/15/2001,1,3,0,0.3,197,5,12,1,0.4,1254,SMGs,Spectre,1,141
Loss,Haven,"10/05/20, 2:58 PM",25m 29s,Qatuh,https://trackercdn.com/cdn/tracker.gg/valorant/db/agents/viper_thumb.png,151,6/15/2001,1,3,0,0.3,197,5,12,1,0.4,1254,Sidearms,Ghost,1,112
Loss,Haven,"10/05/20, 2:58 PM",25m 29s,Qatuh,https://trackercdn.com/cdn/tracker.gg/valorant/db/agents/viper_thumb.png,151,6/15/2001,1,3,0,0.3,197,5,12,1,0.4,1254,Sidearms,Classic,1,100
Loss,Haven,"10/05/20, 2:58 PM",25m 29s,Chambolic,https://trackercdn.com/cdn/tracker.gg/valorant/db/agents/raze_thumb.png,145,8/14/2001,1,3,0,0.3,132,7,11,1,0.6,1329,Assault Rifles,Phantom,2,395
Loss,Haven,"10/05/20, 2:58 PM",25m 29s,Chambolic,https://trackercdn.com/cdn/tracker.gg/valorant/db/agents/raze_thumb.png,145,8/14/2001,1,3,0,0.3,132,7,11,1,0.6,1329,Sidearms,Ghost,2,362
Loss,Haven,"10/05/20, 2:58 PM",25m 29s,Chambolic,https://trackercdn.com/cdn/tracker.gg/valorant/db/agents/raze_thumb.png,145,8/14/2001,1,3,0,0.3,132,7,11,1,0.6,1329,Assault Rifles,Vandal,2,320
Loss,Haven,"10/05/20, 2:58 PM",25m 29s,Chambolic,https://trackercdn.com/cdn/tracker.gg/valorant/db/agents/raze_thumb.png,145,8/14/2001,1,3,0,0.3,132,7,11,1,0.6,1329,Sidearms,Classic,1,156
Loss,Haven,"10/05/20, 2:58 PM",25m 29s,gochu,https://trackercdn.com/cdn/tracker.gg/valorant/db/agents/reyna_thumb.png,126,5/16/2001,2,3,0,0.7,0,3,13,1,0.2,1022,Assault Rifles,Vandal,3,298
Loss,Haven,"10/05/20, 2:58 PM",25m 29s,gochu,https://trackercdn.com/cdn/tracker.gg/valorant/db/agents/reyna_thumb.png,126,5/16/2001,2,3,0,0.7,0,3,13,1,0.2,1022,Sidearms,Ghost,1,167
Loss,Haven,"10/05/20, 2:58 PM",25m 29s,gochu,https://trackercdn.com/cdn/tracker.gg/valorant/db/agents/reyna_thumb.png,126,5/16/2001,2,3,0,0.7,0,3,13,1,0.2,1022,Sidearms,Sheriff,1,159
Win,Ascent,"10/05/20, 1:32 PM",33m 34s,shehroz303,https://trackercdn.com/cdn/tracker.gg/valorant/db/agents/reyna_thumb.png,440,30 / 11 / 5,15,5,1,3,2171,15,6,4,2.5,2663,Assault Rifles,Phantom,16,3025
Win,Ascent,"10/05/20, 1:32 PM",33m 34s,shehroz303,https://trackercdn.com/cdn/tracker.gg/valorant/db/agents/reyna_thumb.png,440,30 / 11 / 5,15,5,1,3,2171,15,6,4,2.5,2663,Sidearms,Ghost,7,815
Win,Ascent,"10/05/20, 1:32 PM",33m 34s,shehroz303,https://trackercdn.com/cdn/tracker.gg/valorant/db/agents/reyna_thumb.png,440,30 / 11 / 5,15,5,1,3,2171,15,6,4,2.5,2663,SMGs,Spectre,4,681
Win,Ascent,"10/05/20, 1:32 PM",33m 34s,shehroz303,https://trackercdn.com/cdn/tracker.gg/valorant/db/agents/reyna_thumb.png,440,30 / 11 / 5,15,5,1,3,2171,15,6,4,2.5,2663,Assault Rifles,Vandal,3,480
Win,Ascent,"10/05/20, 1:32 PM",33m 34s,MahKat2744,https://trackercdn.com/cdn/tracker.gg/valorant/db/agents/raze_thumb.png,271,20 / 10 / 0,3,5,0,0.6,456,17,5,0,3.4,2397,Assault Rifles,Phantom,13,2287
Win,Ascent,"10/05/20, 1:32 PM",33m 34s,MahKat2744,https://trackercdn.com/cdn/tracker.gg/valorant/db/agents/raze_thumb.png,271,20 / 10 / 0,3,5,0,0.6,456,17,5,0,3.4,2397,Sidearms,Classic,3,409
Win,Ascent,"10/05/20, 1:32 PM",33m 34s,MahKat2744,https://trackercdn.com/cdn/tracker.gg/valorant/db/agents/raze_thumb.png,271,20 / 10 / 0,3,5,0,0.6,456,17,5,0,3.4,2397,SMGs,Stinger,2,283
Win,Ascent,"10/05/20, 1:32 PM",33m 34s,Kryptich,https://trackercdn.com/cdn/tracker.gg/valorant/db/agents/brimstone_thumb.png,233,13 / 11 / 13,4,4,4,1,498,9,7,9,1.3,2076,Assault Rifles,Phantom,8,1428
Win,Ascent,"10/05/20, 1:32 PM",33m 34s,Kryptich,https://trackercdn.com/cdn/tracker.gg/valorant/db/agents/brimstone_thumb.png,233,13 / 11 / 13,4,4,4,1,498,9,7,9,1.3,2076,SMGs,Stinger,1,169
Win,Ascent,"10/05/20, 1:32 PM",33m 34s,Kryptich,https://trackercdn.com/cdn/tracker.gg/valorant/db/agents/brimstone_thumb.png,233,13 / 11 / 13,4,4,4,1,498,9,7,9,1.3,2076,Heavy Weapons,Ares,3,161
Win,Ascent,"10/05/20, 1:32 PM",33m 34s,FedUpGoat16,https://titles.trackercdn.com/valorant-pak/media/03b769d630ea38cf542e3424ad0384efd0c21601.png,123,8/15/2002,2,5,1,0.4,408,6,10,1,0.6,1175,Assault Rifles,Vandal,3,507
Win,Ascent,"10/05/20, 1:32 PM",33m 34s,FedUpGoat16,https://titles.trackercdn.com/valorant-pak/media/03b769d630ea38cf542e3424ad0384efd0c21601.png,123,8/15/2002,2,5,1,0.4,408,6,10,1,0.6,1175,Sidearms,Sheriff,2,436
Win,Ascent,"10/05/20, 1:32 PM",33m 34s,FedUpGoat16,https://titles.trackercdn.com/valorant-pak/media/03b769d630ea38cf542e3424ad0384efd0c21601.png,123,8/15/2002,2,5,1,0.4,408,6,10,1,0.6,1175,Assault Rifles,Phantom,1,282
Win,Ascent,"10/05/20, 1:32 PM",33m 34s,FedUpGoat16,https://titles.trackercdn.com/valorant-pak/media/03b769d630ea38cf542e3424ad0384efd0c21601.png,123,8/15/2002,2,5,1,0.4,408,6,10,1,0.6,1175,Sidearms,Ghost,1,106
Win,Ascent,"10/05/20, 1:32 PM",33m 34s,FedUpGoat16,https://titles.trackercdn.com/valorant-pak/media/03b769d630ea38cf542e3424ad0384efd0c21601.png,123,8/15/2002,2,5,1,0.4,408,6,10,1,0.6,1175,SMGs,Spectre,1,0
Win,Ascent,"10/05/20, 1:32 PM",33m 34s,CxSnowman,https://trackercdn.com/cdn/tracker.gg/valorant/db/agents/sova_thumb.png,106,7/12/2004,0,5,1,0,189,7,7,3,1,1281,Heavy Weapons,Ares,4,749
Win,Ascent,"10/05/20, 1:32 PM",33m 34s,CxSnowman,https://trackercdn.com/cdn/tracker.gg/valorant/db/agents/sova_thumb.png,106,7/12/2004,0,5,1,0,189,7,7,3,1,1281,Assault Rifles,Vandal,2,432
Win,Ascent,"10/05/20, 1:32 PM",33m 34s,CxSnowman,https://trackercdn.com/cdn/tracker.gg/valorant/db/agents/sova_thumb.png,106,7/12/2004,0,5,1,0,189,7,7,3,1,1281,SMGs,Stinger,1,145
Loss,Ascent,"10/05/20, 1:32 PM",33m 34s,Apoppy140,https://titles.trackercdn.com/valorant-pak/media/03b769d630ea38cf542e3424ad0384efd0c21601.png,259,18 / 13 / 3,11,10,1,1.1,2644,8,3,2,2.7,1096,Heavy Weapons,Ares,8,1520
Loss,Ascent,"10/05/20, 1:32 PM",33m 34s,Apoppy140,https://titles.trackercdn.com/valorant-pak/media/03b769d630ea38cf542e3424ad0384efd0c21601.png,259,18 / 13 / 3,11,10,1,1.1,2644,8,3,2,2.7,1096,Assault Rifles,Vandal,3,485
Loss,Ascent,"10/05/20, 1:32 PM",33m 34s,Apoppy140,https://titles.trackercdn.com/valorant-pak/media/03b769d630ea38cf542e3424ad0384efd0c21601.png,259,18 / 13 / 3,11,10,1,1.1,2644,8,3,2,2.7,1096,Sidearms,Classic,3,378
Loss,Ascent,"10/05/20, 1:32 PM",33m 34s,Apoppy140,https://titles.trackercdn.com/valorant-pak/media/03b769d630ea38cf542e3424ad0384efd0c21601.png,259,18 / 13 / 3,11,10,1,1.1,2644,8,3,2,2.7,1096,Assault Rifles,Phantom,2,311
Loss,Ascent,"10/05/20, 1:32 PM",33m 34s,xAngieex,https://trackercdn.com/cdn/tracker.gg/valorant/db/agents/sage_thumb.png,235,15 / 16 / 4,10,11,3,0.9,1679,5,5,1,1,1040,Heavy Weapons,Ares,10,1582
Loss,Ascent,"10/05/20, 1:32 PM",33m 34s,xAngieex,https://trackercdn.com/cdn/tracker.gg/valorant/db/agents/sage_thumb.png,235,15 / 16 / 4,10,11,3,0.9,1679,5,5,1,1,1040,Assault Rifles,Vandal,4,872
Loss,Ascent,"10/05/20, 1:32 PM",33m 34s,xAngieex,https://trackercdn.com/cdn/tracker.gg/valorant/db/agents/sage_thumb.png,235,15 / 16 / 4,10,11,3,0.9,1679,5,5,1,1,1040,Sidearms,Frenzy,1,130
Loss,Ascent,"10/05/20, 1:32 PM",33m 34s,TaFfy,https://trackercdn.com/cdn/tracker.gg/valorant/db/agents/reyna_thumb.png,189,10/18/2006,4,12,3,0.3,1219,6,6,3,1,1150,SMGs,Spectre,8,1365
Loss,Ascent,"10/05/20, 1:32 PM",33m 34s,TaFfy,https://trackercdn.com/cdn/tracker.gg/valorant/db/agents/reyna_thumb.png,189,10/18/2006,4,12,3,0.3,1219,6,6,3,1,1150,Sidearms,Frenzy,2,244
Loss,Ascent,"10/05/20, 1:32 PM",33m 34s,H3LL0xKiTTY,https://trackercdn.com/cdn/tracker.gg/valorant/db/agents/omen_thumb.png,159,10/16/2002,7,11,1,0.6,1510,3,5,1,0.6,730,Assault Rifles,Phantom,6,1090
Loss,Ascent,"10/05/20, 1:32 PM",33m 34s,H3LL0xKiTTY,https://trackercdn.com/cdn/tracker.gg/valorant/db/agents/omen_thumb.png,159,10/16/2002,7,11,1,0.6,1510,3,5,1,0.6,730,SMGs,Spectre,2,356
Loss,Ascent,"10/05/20, 1:32 PM",33m 34s,H3LL0xKiTTY,https://trackercdn.com/cdn/tracker.gg/valorant/db/agents/omen_thumb.png,159,10/16/2002,7,11,1,0.6,1510,3,5,1,0.6,730,Sidearms,Ghost,1,240
Loss,Ascent,"10/05/20, 1:32 PM",33m 34s,H3LL0xKiTTY,https://trackercdn.com/cdn/tracker.gg/valorant/db/agents/omen_thumb.png,159,10/16/2002,7,11,1,0.6,1510,3,5,1,0.6,730,Sidearms,Classic,1,100
Loss,Ascent,"10/05/20, 1:32 PM",33m 34s,JakillynMeSmalls,https://trackercdn.com/cdn/tracker.gg/valorant/db/agents/raze_thumb.png,139,6/16/2006,4,11,4,0.4,1141,2,5,2,0.4,811,Assault Rifles,Phantom,2,347
Loss,Ascent,"10/05/20, 1:32 PM",33m 34s,JakillynMeSmalls,https://trackercdn.com/cdn/tracker.gg/valorant/db/agents/raze_thumb.png,139,6/16/2006,4,11,4,0.4,1141,2,5,2,0.4,811,Assault Rifles,Bulldog,2,325
Loss,Ascent,"10/05/20, 1:32 PM",33m 34s,JakillynMeSmalls,https://trackercdn.com/cdn/tracker.gg/valorant/db/agents/raze_thumb.png,139,6/16/2006,4,11,4,0.4,1141,2,5,2,0.4,811,SMGs,Stinger,1,251
Loss,Ascent,"10/05/20, 1:32 PM",33m 34s,JakillynMeSmalls,https://trackercdn.com/cdn/tracker.gg/valorant/db/agents/raze_thumb.png,139,6/16/2006,4,11,4,0.4,1141,2,5,2,0.4,811,Sidearms,Ghost,1,105
Win,Bind,"10/04/20, 11:20 PM",30m 28s,Kadac515,https://trackercdn.com/cdn/tracker.gg/valorant/db/agents/reyna_thumb.png,317,21 / 14 / 11,12,3,3,4,1536,9,11,8,0.8,2185,Assault Rifles,Vandal,11,1686
Win,Bind,"10/04/20, 11:20 PM",30m 28s,Kadac515,https://trackercdn.com/cdn/tracker.gg/valorant/db/agents/reyna_thumb.png,317,21 / 14 / 11,12,3,3,4,1536,9,11,8,0.8,2185,SMGs,Spectre,4,820
Win,Bind,"10/04/20, 11:20 PM",30m 28s,Kadac515,https://trackercdn.com/cdn/tracker.gg/valorant/db/agents/reyna_thumb.png,317,21 / 14 / 11,12,3,3,4,1536,9,11,8,0.8,2185,Assault Rifles,Phantom,3,607
Win,Bind,"10/04/20, 11:20 PM",30m 28s,Kadac515,https://trackercdn.com/cdn/tracker.gg/valorant/db/agents/reyna_thumb.png,317,21 / 14 / 11,12,3,3,4,1536,9,11,8,0.8,2185,Sidearms,Ghost,3,435
Win,Bind,"10/04/20, 11:20 PM",30m 28s,ClickBuzz,https://trackercdn.com/cdn/tracker.gg/valorant/db/agents/sage_thumb.png,283,20 / 9 / 8,6,4,4,1.5,868,14,5,4,2.8,2519,Assault Rifles,Vandal,9,1843
Win,Bind,"10/04/20, 11:20 PM",30m 28s,ClickBuzz,https://trackercdn.com/cdn/tracker.gg/valorant/db/agents/sage_thumb.png,283,20 / 9 / 8,6,4,4,1.5,868,14,5,4,2.8,2519,Sidearms,Ghost,6,886
Win,Bind,"10/04/20, 11:20 PM",30m 28s,ClickBuzz,https://trackercdn.com/cdn/tracker.gg/valorant/db/agents/sage_thumb.png,283,20 / 9 / 8,6,4,4,1.5,868,14,5,4,2.8,2519,Sniper Rifles,Operator,3,310
Win,Bind,"10/04/20, 11:20 PM",30m 28s,ClickBuzz,https://trackercdn.com/cdn/tracker.gg/valorant/db/agents/sage_thumb.png,283,20 / 9 / 8,6,4,4,1.5,868,14,5,4,2.8,2519,SMGs,Spectre,1,150
Win,Bind,"10/04/20, 11:20 PM",30m 28s,ClickBuzz,https://trackercdn.com/cdn/tracker.gg/valorant/db/agents/sage_thumb.png,283,20 / 9 / 8,6,4,4,1.5,868,14,5,4,2.8,2519,Assault Rifles,Phantom,1,115
Win,Bind,"10/04/20, 11:20 PM",30m 28s,crueltyaf,https://trackercdn.com/cdn/tracker.gg/valorant/db/agents/viper_thumb.png,248,18 / 13 / 4,6,4,1,1.5,751,12,9,3,1.3,1979,Assault Rifles,Phantom,18,2924
Win,Bind,"10/04/20, 11:20 PM",30m 28s,Jammer2031,https://trackercdn.com/cdn/tracker.gg/valorant/db/agents/omen_thumb.png,238,17 / 12 / 6,5,5,3,1,837,12,7,3,1.7,1838,Assault Rifles,Phantom,9,1913
Win,Bind,"10/04/20, 11:20 PM",30m 28s,Jammer2031,https://trackercdn.com/cdn/tracker.gg/valorant/db/agents/omen_thumb.png,238,17 / 12 / 6,5,5,3,1,837,12,7,3,1.7,1838,Assault Rifles,Vandal,3,611
Win,Bind,"10/04/20, 11:20 PM",30m 28s,Jammer2031,https://trackercdn.com/cdn/tracker.gg/valorant/db/agents/omen_thumb.png,238,17 / 12 / 6,5,5,3,1,837,12,7,3,1.7,1838,Sidearms,Ghost,3,330
Win,Bind,"10/04/20, 11:20 PM",30m 28s,Jammer2031,https://trackercdn.com/cdn/tracker.gg/valorant/db/agents/omen_thumb.png,238,17 / 12 / 6,5,5,3,1,837,12,7,3,1.7,1838,SMGs,Spectre,2,298
Win,Bind,"10/04/20, 11:20 PM",30m 28s,XPERT,https://trackercdn.com/cdn/tracker.gg/valorant/db/agents/raze_thumb.png,152,9/15/2007,2,6,3,0.3,648,7,9,4,0.8,1425,Assault Rifles,Vandal,3,801
Win,Bind,"10/04/20, 11:20 PM",30m 28s,XPERT,https://trackercdn.com/cdn/tracker.gg/valorant/db/agents/raze_thumb.png,152,9/15/2007,2,6,3,0.3,648,7,9,4,0.8,1425,Assault Rifles,Phantom,1,273
Win,Bind,"10/04/20, 11:20 PM",30m 28s,XPERT,https://trackercdn.com/cdn/tracker.gg/valorant/db/agents/raze_thumb.png,152,9/15/2007,2,6,3,0.3,648,7,9,4,0.8,1425,Assault Rifles,Guardian,1,180
Win,Bind,"10/04/20, 11:20 PM",30m 28s,XPERT,https://trackercdn.com/cdn/tracker.gg/valorant/db/agents/raze_thumb.png,152,9/15/2007,2,6,3,0.3,648,7,9,4,0.8,1425,Sniper Rifles,Operator,1,150
Win,Bind,"10/04/20, 11:20 PM",30m 28s,XPERT,https://trackercdn.com/cdn/tracker.gg/valorant/db/agents/raze_thumb.png,152,9/15/2007,2,6,3,0.3,648,7,9,4,0.8,1425,SMGs,Spectre,1,129
Win,Bind,"10/04/20, 11:20 PM",30m 28s,XPERT,https://trackercdn.com/cdn/tracker.gg/valorant/db/agents/raze_thumb.png,152,9/15/2007,2,6,3,0.3,648,7,9,4,0.8,1425,Sidearms,Ghost,1,105
Loss,Bind,"10/04/20, 11:20 PM",30m 28s,Draqz,https://trackercdn.com/cdn/tracker.gg/valorant/db/agents/raze_thumb.png,292,18 / 17 / 6,12,11,5,1.1,2449,6,6,1,1,1197,Assault Rifles,Vandal,9,1715
Loss,Bind,"10/04/20, 11:20 PM",30m 28s,Draqz,https://trackercdn.com/cdn/tracker.gg/valorant/db/agents/raze_thumb.png,292,18 / 17 / 6,12,11,5,1.1,2449,6,6,1,1,1197,Sidearms,Sheriff,5,836
Loss,Bind,"10/04/20, 11:20 PM",30m 28s,Draqz,https://trackercdn.com/cdn/tracker.gg/valorant/db/agents/raze_thumb.png,292,18 / 17 / 6,12,11,5,1.1,2449,6,6,1,1,1197,Assault Rifles,Phantom,2,458
Loss,Bind,"10/04/20, 11:20 PM",30m 28s,Draqz,https://trackercdn.com/cdn/tracker.gg/valorant/db/agents/raze_thumb.png,292,18 / 17 / 6,12,11,5,1.1,2449,6,6,1,1,1197,Sidearms,Ghost,2,285
Loss,Bind,"10/04/20, 11:20 PM",30m 28s,shehroz303,https://trackercdn.com/cdn/tracker.gg/valorant/db/agents/reyna_thumb.png,235,15 / 15 / 4,10,9,2,1.1,1825,5,6,2,0.8,1040,Assault Rifles,Phantom,7,1195
Loss,Bind,"10/04/20, 11:20 PM",30m 28s,shehroz303,https://trackercdn.com/cdn/tracker.gg/valorant/db/agents/reyna_thumb.png,235,15 / 15 / 4,10,9,2,1.1,1825,5,6,2,0.8,1040,SMGs,Spectre,4,606
Loss,Bind,"10/04/20, 11:20 PM",30m 28s,shehroz303,https://trackercdn.com/cdn/tracker.gg/valorant/db/agents/reyna_thumb.png,235,15 / 15 / 4,10,9,2,1.1,1825,5,6,2,0.8,1040,Assault Rifles,Vandal,2,314
Loss,Bind,"10/04/20, 11:20 PM",30m 28s,shehroz303,https://trackercdn.com/cdn/tracker.gg/valorant/db/agents/reyna_thumb.png,235,15 / 15 / 4,10,9,2,1.1,1825,5,6,2,0.8,1040,Sidearms,Ghost,2,212
Loss,Bind,"10/04/20, 11:20 PM",30m 28s,KRZkid,https://trackercdn.com/cdn/tracker.gg/valorant/db/agents/sage_thumb.png,185,12/18/2005,6,12,4,0.5,1004,6,6,1,1,944,Sidearms,Ghost,6,770
Loss,Bind,"10/04/20, 11:20 PM",30m 28s,KRZkid,https://trackercdn.com/cdn/tracker.gg/valorant/db/agents/sage_thumb.png,185,12/18/2005,6,12,4,0.5,1004,6,6,1,1,944,SMGs,Spectre,5,721
Loss,Bind,"10/04/20, 11:20 PM",30m 28s,KRZkid,https://trackercdn.com/cdn/tracker.gg/valorant/db/agents/sage_thumb.png,185,12/18/2005,6,12,4,0.5,1004,6,6,1,1,944,Assault Rifles,Phantom,1,184
Loss,Bind,"10/04/20, 11:20 PM",30m 28s,awp,https://trackercdn.com/cdn/tracker.gg/valorant/db/agents/cypher_thumb.png,149,10/20/2003,6,13,2,0.5,1095,4,7,1,0.6,476,Heavy Weapons,Ares,4,679
Loss,Bind,"10/04/20, 11:20 PM",30m 28s,awp,https://trackercdn.com/cdn/tracker.gg/valorant/db/agents/cypher_thumb.png,149,10/20/2003,6,13,2,0.5,1095,4,7,1,0.6,476,Assault Rifles,Phantom,1,195
Loss,Bind,"10/04/20, 11:20 PM",30m 28s,awp,https://trackercdn.com/cdn/tracker.gg/valorant/db/agents/cypher_thumb.png,149,10/20/2003,6,13,2,0.5,1095,4,7,1,0.6,476,SMGs,Spectre,1,174
Loss,Bind,"10/04/20, 11:20 PM",30m 28s,awp,https://trackercdn.com/cdn/tracker.gg/valorant/db/agents/cypher_thumb.png,149,10/20/2003,6,13,2,0.5,1095,4,7,1,0.6,476,Shotguns,Bucky,1,164
Loss,Bind,"10/04/20, 11:20 PM",30m 28s,awp,https://trackercdn.com/cdn/tracker.gg/valorant/db/agents/cypher_thumb.png,149,10/20/2003,6,13,2,0.5,1095,4,7,1,0.6,476,Assault Rifles,Vandal,2,155
Loss,Bind,"10/04/20, 11:20 PM",30m 28s,awp,https://trackercdn.com/cdn/tracker.gg/valorant/db/agents/cypher_thumb.png,149,10/20/2003,6,13,2,0.5,1095,4,7,1,0.6,476,Shotguns,Judge,1,107
Loss,Bind,"10/04/20, 11:20 PM",30m 28s,NoPullingOut,https://trackercdn.com/cdn/tracker.gg/valorant/db/agents/jett_thumb.png,109,8/15/2002,7,9,2,0.8,1204,1,6,0,0.2,148,Assault Rifles,Vandal,5,884
Loss,Bind,"10/04/20, 11:20 PM",30m 28s,NoPullingOut,https://trackercdn.com/cdn/tracker.gg/valorant/db/agents/jett_thumb.png,109,8/15/2002,7,9,2,0.8,1204,1,6,0,0.2,148,SMGs,Spectre,2,270
Loss,Bind,"10/04/20, 11:20 PM",30m 28s,NoPullingOut,https://trackercdn.com/cdn/tracker.gg/valorant/db/agents/jett_thumb.png,109,8/15/2002,7,9,2,0.8,1204,1,6,0,0.2,148,Sidearms,Ghost,1,182
Win,Haven,"10/04/20, 10:57 PM",18m 09s,shehroz303,https://trackercdn.com/cdn/tracker.gg/valorant/db/agents/reyna_thumb.png,339,16 / 7 / 1,0,0,0,0,0,16,7,1,2.3,2693,Assault Rifles,Phantom,12,2113
Win,Haven,"10/04/20, 10:57 PM",18m 09s,shehroz303,https://trackercdn.com/cdn/tracker.gg/valorant/db/agents/reyna_thumb.png,339,16 / 7 / 1,0,0,0,0,0,16,7,1,2.3,2693,SMGs,Spectre,3,468
Win,Haven,"10/04/20, 10:57 PM",18m 09s,shehroz303,https://trackercdn.com/cdn/tracker.gg/valorant/db/agents/reyna_thumb.png,339,16 / 7 / 1,0,0,0,0,0,16,7,1,2.3,2693,Sidearms,Ghost,1,195
Win,Haven,"10/04/20, 10:57 PM",18m 09s,Danedis,https://trackercdn.com/cdn/tracker.gg/valorant/db/agents/breach_thumb.png,296,12/7/2005,0,0,0,0,0,12,7,5,1.7,2552,Assault Rifles,Vandal,10,1840
Win,Haven,"10/04/20, 10:57 PM",18m 09s,Danedis,https://trackercdn.com/cdn/tracker.gg/valorant/db/agents/breach_thumb.png,296,12/7/2005,0,0,0,0,0,12,7,5,1.7,2552,SMGs,Spectre,2,298
Win,Haven,"10/04/20, 10:57 PM",18m 09s,ghfl,https://trackercdn.com/cdn/tracker.gg/valorant/db/agents/phoenix_thumb.png,271,13 / 6 / 4,0,0,0,0,0,13,6,4,2.2,2249,Assault Rifles,Vandal,11,2001
Win,Haven,"10/04/20, 10:57 PM",18m 09s,ghfl,https://trackercdn.com/cdn/tracker.gg/valorant/db/agents/phoenix_thumb.png,271,13 / 6 / 4,0,0,0,0,0,13,6,4,2.2,2249,Sidearms,Ghost,2,212
Win,Haven,"10/04/20, 10:57 PM",18m 09s,Cole,https://trackercdn.com/cdn/tracker.gg/valorant/db/agents/sova_thumb.png,137,8/5/2004,0,0,0,0,0,8,5,4,1.6,1213,Assault Rifles,Phantom,4,631
Win,Haven,"10/04/20, 10:57 PM",18m 09s,Cole,https://trackercdn.com/cdn/tracker.gg/valorant/db/agents/sova_thumb.png,137,8/5/2004,0,0,0,0,0,8,5,4,1.6,1213,Sniper Rifles,Operator,1,289
Win,Haven,"10/04/20, 10:57 PM",18m 09s,Cole,https://trackercdn.com/cdn/tracker.gg/valorant/db/agents/sova_thumb.png,137,8/5/2004,0,0,0,0,0,8,5,4,1.6,1213,Sidearms,Classic,1,156
Win,Haven,"10/04/20, 10:57 PM",18m 09s,Cole,https://trackercdn.com/cdn/tracker.gg/valorant/db/agents/sova_thumb.png,137,8/5/2004,0,0,0,0,0,8,5,4,1.6,1213,SMGs,Spectre,1,118
Win,Haven,"10/04/20, 10:57 PM",18m 09s,PhoEater,https://titles.trackercdn.com/valorant-pak/media/03b769d630ea38cf542e3424ad0384efd0c21601.png,96,4/4/2004,0,0,0,0,0,4,4,4,1,891,Assault Rifles,Vandal,2,392
Win,Haven,"10/04/20, 10:57 PM",18m 09s,PhoEater,https://titles.trackercdn.com/valorant-pak/media/03b769d630ea38cf542e3424ad0384efd0c21601.png,96,4/4/2004,0,0,0,0,0,4,4,4,1,891,Sidearms,Classic,1,156
Win,Haven,"10/04/20, 10:57 PM",18m 09s,PhoEater,https://titles.trackercdn.com/valorant-pak/media/03b769d630ea38cf542e3424ad0384efd0c21601.png,96,4/4/2004,0,0,0,0,0,4,4,4,1,891,Assault Rifles,Phantom,1,150
Loss,Haven,"10/04/20, 10:57 PM",18m 09s,Add3rall,https://trackercdn.com/cdn/tracker.gg/valorant/db/agents/jett_thumb.png,254,10/10/2002,10,10,2,1,2062,0,0,0,0,0,Heavy Weapons,Ares,4,612
Loss,Haven,"10/04/20, 10:57 PM",18m 09s,Add3rall,https://trackercdn.com/cdn/tracker.gg/valorant/db/agents/jett_thumb.png,254,10/10/2002,10,10,2,1,2062,0,0,0,0,0,Assault Rifles,Phantom,2,422
Loss,Haven,"10/04/20, 10:57 PM",18m 09s,Add3rall,https://trackercdn.com/cdn/tracker.gg/valorant/db/agents/jett_thumb.png,254,10/10/2002,10,10,2,1,2062,0,0,0,0,0,Assault Rifles,Vandal,2,314
Loss,Haven,"10/04/20, 10:57 PM",18m 09s,Add3rall,https://trackercdn.com/cdn/tracker.gg/valorant/db/agents/jett_thumb.png,254,10/10/2002,10,10,2,1,2062,0,0,0,0,0,Sidearms,Ghost,2,292
Loss,Haven,"10/04/20, 10:57 PM",18m 09s,oTEXASoTYLERo,https://titles.trackercdn.com/valorant-pak/media/03b769d630ea38cf542e3424ad0384efd0c21601.png,243,10/10/2000,10,10,0,1,1761,0,0,0,0,0,Shotguns,Judge,9,1333
Loss,Haven,"10/04/20, 10:57 PM",18m 09s,oTEXASoTYLERo,https://titles.trackercdn.com/valorant-pak/media/03b769d630ea38cf542e3424ad0384efd0c21601.png,243,10/10/2000,10,10,0,1,1761,0,0,0,0,0,Sidearms,Classic,1,130
Loss,Haven,"10/04/20, 10:57 PM",18m 09s,FrankCastle,https://trackercdn.com/cdn/tracker.gg/valorant/db/agents/reyna_thumb.png,130,4/10/2001,4,10,1,0.4,1284,0,0,0,0,0,SMGs,Spectre,2,346
Loss,Haven,"10/04/20, 10:57 PM",18m 09s,FrankCastle,https://trackercdn.com/cdn/tracker.gg/valorant/db/agents/reyna_thumb.png,130,4/10/2001,4,10,1,0.4,1284,0,0,0,0,0,Assault Rifles,Vandal,1,172
Loss,Haven,"10/04/20, 10:57 PM",18m 09s,FrankCastle,https://trackercdn.com/cdn/tracker.gg/valorant/db/agents/reyna_thumb.png,130,4/10/2001,4,10,1,0.4,1284,0,0,0,0,0,Assault Rifles,Phantom,1,156
Loss,Haven,"10/04/20, 10:57 PM",18m 09s,ukulele,https://trackercdn.com/cdn/tracker.gg/valorant/db/agents/omen_thumb.png,91,3/12/2001,3,12,1,0.3,890,0,0,0,0,0,Assault Rifles,Vandal,2,321
Loss,Haven,"10/04/20, 10:57 PM",18m 09s,ukulele,https://trackercdn.com/cdn/tracker.gg/valorant/db/agents/omen_thumb.png,91,3/12/2001,3,12,1,0.3,890,0,0,0,0,0,SMGs,Spectre,1,202
Loss,Haven,"10/04/20, 10:57 PM",18m 09s,Wado,https://trackercdn.com/cdn/tracker.gg/valorant/db/agents/sova_thumb.png,70,2/11/2001,2,11,1,0.2,720,0,0,0,0,0,Heavy Weapons,Ares,2,335
Win,Split,"10/04/20, 7:25 PM",32m 45s,shehroz303,https://trackercdn.com/cdn/tracker.gg/valorant/db/agents/reyna_thumb.png,271,23 / 13 / 5,11,7,3,1.6,2496,13,6,2,2.2,2105,Assault Rifles,Phantom,14,2602
Win,Split,"10/04/20, 7:25 PM",32m 45s,shehroz303,https://trackercdn.com/cdn/tracker.gg/valorant/db/agents/reyna_thumb.png,271,23 / 13 / 5,11,7,3,1.6,2496,13,6,2,2.2,2105,Assault Rifles,Vandal,5,556
Win,Split,"10/04/20, 7:25 PM",32m 45s,shehroz303,https://trackercdn.com/cdn/tracker.gg/valorant/db/agents/reyna_thumb.png,271,23 / 13 / 5,11,7,3,1.6,2496,13,6,2,2.2,2105,SMGs,Spectre,3,489
Win,Split,"10/04/20, 7:25 PM",32m 45s,shehroz303,https://trackercdn.com/cdn/tracker.gg/valorant/db/agents/reyna_thumb.png,271,23 / 13 / 5,11,7,3,1.6,2496,13,6,2,2.2,2105,Sidearms,Ghost,1,159
Win,Split,"10/04/20, 7:25 PM",32m 45s,RoyaliLLest,https://trackercdn.com/cdn/tracker.gg/valorant/db/agents/raze_thumb.png,269,21 / 15 / 6,9,6,1,1.5,1186,12,9,5,1.3,2728,Assault Rifles,Vandal,7,1389
Win,Split,"10/04/20, 7:25 PM",32m 45s,RoyaliLLest,https://trackercdn.com/cdn/tracker.gg/valorant/db/agents/raze_thumb.png,269,21 / 15 / 6,9,6,1,1.5,1186,12,9,5,1.3,2728,Sniper Rifles,Operator,4,487
Win,Split,"10/04/20, 7:25 PM",32m 45s,RoyaliLLest,https://trackercdn.com/cdn/tracker.gg/valorant/db/agents/raze_thumb.png,269,21 / 15 / 6,9,6,1,1.5,1186,12,9,5,1.3,2728,SMGs,Spectre,3,430
Win,Split,"10/04/20, 7:25 PM",32m 45s,RoyaliLLest,https://trackercdn.com/cdn/tracker.gg/valorant/db/agents/raze_thumb.png,269,21 / 15 / 6,9,6,1,1.5,1186,12,9,5,1.3,2728,Sidearms,Classic,2,283
Win,Split,"10/04/20, 7:25 PM",32m 45s,RoyaliLLest,https://trackercdn.com/cdn/tracker.gg/valorant/db/agents/raze_thumb.png,269,21 / 15 / 6,9,6,1,1.5,1186,12,9,5,1.3,2728,Sniper Rifles,Marshal,1,202
Win,Split,"10/04/20, 7:25 PM",32m 45s,RoyaliLLest,https://trackercdn.com/cdn/tracker.gg/valorant/db/agents/raze_thumb.png,269,21 / 15 / 6,9,6,1,1.5,1186,12,9,5,1.3,2728,Assault Rifles,Phantom,1,171
Win,Split,"10/04/20, 7:25 PM",32m 45s,RoyaliLLest,https://trackercdn.com/cdn/tracker.gg/valorant/db/agents/raze_thumb.png,269,21 / 15 / 6,9,6,1,1.5,1186,12,9,5,1.3,2728,Sidearms,Ghost,1,127
Win,Split,"10/04/20, 7:25 PM",32m 45s,Jahmoo,https://trackercdn.com/cdn/tracker.gg/valorant/db/agents/cypher_thumb.png,179,14 / 15 / 7,3,6,3,0.5,713,11,9,4,1.2,1979,Assault Rifles,Phantom,10,1967
Win,Split,"10/04/20, 7:25 PM",32m 45s,Jahmoo,https://trackercdn.com/cdn/tracker.gg/valorant/db/agents/cypher_thumb.png,179,14 / 15 / 7,3,6,3,0.5,713,11,9,4,1.2,1979,Sidearms,Ghost,3,411
Win,Split,"10/04/20, 7:25 PM",32m 45s,Jahmoo,https://trackercdn.com/cdn/tracker.gg/valorant/db/agents/cypher_thumb.png,179,14 / 15 / 7,3,6,3,0.5,713,11,9,4,1.2,1979,Sidearms,Classic,1,156
Win,Split,"10/04/20, 7:25 PM",32m 45s,In A Bag,https://trackercdn.com/cdn/tracker.gg/valorant/db/agents/jett_thumb.png,151,12/15/2002,9,5,1,1.8,2388,4,10,1,0.4,927,Assault Rifles,Vandal,10,1784
Win,Split,"10/04/20, 7:25 PM",32m 45s,In A Bag,https://trackercdn.com/cdn/tracker.gg/valorant/db/agents/jett_thumb.png,151,12/15/2002,9,5,1,1.8,2388,4,10,1,0.4,927,Sidearms,Sheriff,2,409
Win,Split,"10/04/20, 7:25 PM",32m 45s,Chip SkyIark,https://trackercdn.com/cdn/tracker.gg/valorant/db/agents/brimstone_thumb.png,116,10/15/2003,3,6,2,0.5,874,7,9,1,0.8,976,Assault Rifles,Vandal,4,831
Win,Split,"10/04/20, 7:25 PM",32m 45s,Chip SkyIark,https://trackercdn.com/cdn/tracker.gg/valorant/db/agents/brimstone_thumb.png,116,10/15/2003,3,6,2,0.5,874,7,9,1,0.8,976,Assault Rifles,Phantom,3,514
Win,Split,"10/04/20, 7:25 PM",32m 45s,Chip SkyIark,https://trackercdn.com/cdn/tracker.gg/valorant/db/agents/brimstone_thumb.png,116,10/15/2003,3,6,2,0.5,874,7,9,1,0.8,976,SMGs,Stinger,1,175
Win,Split,"10/04/20, 7:25 PM",32m 45s,Chip SkyIark,https://trackercdn.com/cdn/tracker.gg/valorant/db/agents/brimstone_thumb.png,116,10/15/2003,3,6,2,0.5,874,7,9,1,0.8,976,Sidearms,Ghost,1,120
Loss,Split,"10/04/20, 7:25 PM",32m 45s,arhamsaeedd,https://trackercdn.com/cdn/tracker.gg/valorant/db/agents/jett_thumb.png,284,23 / 19 / 6,15,10,3,1.5,2578,9,9,3,1,2200,Assault Rifles,Phantom,8,1291
Loss,Split,"10/04/20, 7:25 PM",32m 45s,arhamsaeedd,https://trackercdn.com/cdn/tracker.gg/valorant/db/agents/jett_thumb.png,284,23 / 19 / 6,15,10,3,1.5,2578,9,9,3,1,2200,Assault Rifles,Vandal,3,679
Loss,Split,"10/04/20, 7:25 PM",32m 45s,arhamsaeedd,https://trackercdn.com/cdn/tracker.gg/valorant/db/agents/jett_thumb.png,284,23 / 19 / 6,15,10,3,1.5,2578,9,9,3,1,2200,SMGs,Stinger,2,381
Loss,Split,"10/04/20, 7:25 PM",32m 45s,arhamsaeedd,https://trackercdn.com/cdn/tracker.gg/valorant/db/agents/jett_thumb.png,284,23 / 19 / 6,15,10,3,1.5,2578,9,9,3,1,2200,Sidearms,Ghost,2,349
Loss,Split,"10/04/20, 7:25 PM",32m 45s,arhamsaeedd,https://trackercdn.com/cdn/tracker.gg/valorant/db/agents/jett_thumb.png,284,23 / 19 / 6,15,10,3,1.5,2578,9,9,3,1,2200,SMGs,Spectre,2,334
Loss,Split,"10/04/20, 7:25 PM",32m 45s,arhamsaeedd,https://trackercdn.com/cdn/tracker.gg/valorant/db/agents/jett_thumb.png,284,23 / 19 / 6,15,10,3,1.5,2578,9,9,3,1,2200,Sidearms,Classic,3,334
Loss,Split,"10/04/20, 7:25 PM",32m 45s,Dreganoidd,https://trackercdn.com/cdn/tracker.gg/valorant/db/agents/breach_thumb.png,262,18 / 20 / 4,10,11,4,0.9,2420,8,9,0,0.9,1707,Assault Rifles,Phantom,14,2799
Loss,Split,"10/04/20, 7:25 PM",32m 45s,Dreganoidd,https://trackercdn.com/cdn/tracker.gg/valorant/db/agents/breach_thumb.png,262,18 / 20 / 4,10,11,4,0.9,2420,8,9,0,0.9,1707,Assault Rifles,Vandal,4,758
Loss,Split,"10/04/20, 7:25 PM",32m 45s,Cynx5880,https://trackercdn.com/cdn/tracker.gg/valorant/db/agents/omen_thumb.png,201,13 / 21 / 7,6,12,5,0.5,1444,7,9,2,0.8,1306,Assault Rifles,Phantom,8,1261
Loss,Split,"10/04/20, 7:25 PM",32m 45s,Cynx5880,https://trackercdn.com/cdn/tracker.gg/valorant/db/agents/omen_thumb.png,201,13 / 21 / 7,6,12,5,0.5,1444,7,9,2,0.8,1306,Sidearms,Ghost,3,357
Loss,Split,"10/04/20, 7:25 PM",32m 45s,Cynx5880,https://trackercdn.com/cdn/tracker.gg/valorant/db/agents/omen_thumb.png,201,13 / 21 / 7,6,12,5,0.5,1444,7,9,2,0.8,1306,SMGs,Spectre,1,156
Loss,Split,"10/04/20, 7:25 PM",32m 45s,Cynx5880,https://trackercdn.com/cdn/tracker.gg/valorant/db/agents/omen_thumb.png,201,13 / 21 / 7,6,12,5,0.5,1444,7,9,2,0.8,1306,Assault Rifles,Vandal,1,154
Loss,Split,"10/04/20, 7:25 PM",32m 45s,ToxicSnypezz,https://titles.trackercdn.com/valorant-pak/media/03b769d630ea38cf542e3424ad0384efd0c21601.png,159,11/18/2005,6,10,3,0.6,1323,6,8,2,0.8,1745,Shotguns,Judge,7,899
Loss,Split,"10/04/20, 7:25 PM",32m 45s,ToxicSnypezz,https://titles.trackercdn.com/valorant-pak/media/03b769d630ea38cf542e3424ad0384efd0c21601.png,159,11/18/2005,6,10,3,0.6,1323,6,8,2,0.8,1745,Assault Rifles,Phantom,2,391
Loss,Split,"10/04/20, 7:25 PM",32m 45s,ToxicSnypezz,https://titles.trackercdn.com/valorant-pak/media/03b769d630ea38cf542e3424ad0384efd0c21601.png,159,11/18/2005,6,10,3,0.6,1323,6,8,2,0.8,1745,Sidearms,Classic,2,236
Loss,Split,"10/04/20, 7:25 PM",32m 45s,blahokay1,https://trackercdn.com/cdn/tracker.gg/valorant/db/agents/viper_thumb.png,69,6/4/2000,6,4,0,1.5,688,0,0,0,0,0,Sidearms,Classic,6,837
Win,Haven,"10/04/20, 4:55 AM",35m 44s,im tired,https://trackercdn.com/cdn/tracker.gg/valorant/db/agents/omen_thumb.png,318,26 / 18 / 6,11,10,4,1.1,2007,15,8,2,1.9,2718,Assault Rifles,Vandal,25,4313
Win,Haven,"10/04/20, 4:55 AM",35m 44s,im tired,https://trackercdn.com/cdn/tracker.gg/valorant/db/agents/omen_thumb.png,318,26 / 18 / 6,11,10,4,1.1,2007,15,8,2,1.9,2718,SMGs,Spectre,1,176
Win,Haven,"10/04/20, 4:55 AM",35m 44s,MahKat2744,https://trackercdn.com/cdn/tracker.gg/valorant/db/agents/raze_thumb.png,253,23 / 18 / 6,14,9,4,1.6,2504,9,9,2,1,1573,Assault Rifles,Phantom,12,2396
Win,Haven,"10/04/20, 4:55 AM",35m 44s,MahKat2744,https://trackercdn.com/cdn/tracker.gg/valorant/db/agents/raze_thumb.png,253,23 / 18 / 6,14,9,4,1.6,2504,9,9,2,1,1573,Sidearms,Classic,3,574
Win,Haven,"10/04/20, 4:55 AM",35m 44s,MahKat2744,https://trackercdn.com/cdn/tracker.gg/valorant/db/agents/raze_thumb.png,253,23 / 18 / 6,14,9,4,1.6,2504,9,9,2,1,1573,SMGs,Spectre,2,368
Win,Haven,"10/04/20, 4:55 AM",35m 44s,MahKat2744,https://trackercdn.com/cdn/tracker.gg/valorant/db/agents/raze_thumb.png,253,23 / 18 / 6,14,9,4,1.6,2504,9,9,2,1,1573,Sidearms,Ghost,2,323
Win,Haven,"10/04/20, 4:55 AM",35m 44s,MahKat2744,https://trackercdn.com/cdn/tracker.gg/valorant/db/agents/raze_thumb.png,253,23 / 18 / 6,14,9,4,1.6,2504,9,9,2,1,1573,Assault Rifles,Vandal,2,302
Win,Haven,"10/04/20, 4:55 AM",35m 44s,shehroz303,https://trackercdn.com/cdn/tracker.gg/valorant/db/agents/breach_thumb.png,246,21 / 18 / 7,10,10,5,1,3171,12,8,2,1.5,2035,Assault Rifles,Phantom,7,1389
Win,Haven,"10/04/20, 4:55 AM",35m 44s,shehroz303,https://trackercdn.com/cdn/tracker.gg/valorant/db/agents/breach_thumb.png,246,21 / 18 / 7,10,10,5,1,3171,12,8,2,1.5,2035,Assault Rifles,Vandal,5,1088
Win,Haven,"10/04/20, 4:55 AM",35m 44s,shehroz303,https://trackercdn.com/cdn/tracker.gg/valorant/db/agents/breach_thumb.png,246,21 / 18 / 7,10,10,5,1,3171,12,8,2,1.5,2035,SMGs,Spectre,4,604
Win,Haven,"10/04/20, 4:55 AM",35m 44s,shehroz303,https://trackercdn.com/cdn/tracker.gg/valorant/db/agents/breach_thumb.png,246,21 / 18 / 7,10,10,5,1,3171,12,8,2,1.5,2035,Sidearms,Ghost,4,579
Win,Haven,"10/04/20, 4:55 AM",35m 44s,shehroz303,https://trackercdn.com/cdn/tracker.gg/valorant/db/agents/breach_thumb.png,246,21 / 18 / 7,10,10,5,1,3171,12,8,2,1.5,2035,Assault Rifles,Bulldog,1,0
Win,Haven,"10/04/20, 4:55 AM",35m 44s,Hichthacker,https://trackercdn.com/cdn/tracker.gg/valorant/db/agents/reyna_thumb.png,226,19 / 15 / 4,11,7,1,1.6,1961,8,8,3,1,1073,Assault Rifles,Vandal,9,1590
Win,Haven,"10/04/20, 4:55 AM",35m 44s,Hichthacker,https://trackercdn.com/cdn/tracker.gg/valorant/db/agents/reyna_thumb.png,226,19 / 15 / 4,11,7,1,1.6,1961,8,8,3,1,1073,Sniper Rifles,Operator,3,490
Win,Haven,"10/04/20, 4:55 AM",35m 44s,Hichthacker,https://trackercdn.com/cdn/tracker.gg/valorant/db/agents/reyna_thumb.png,226,19 / 15 / 4,11,7,1,1.6,1961,8,8,3,1,1073,Assault Rifles,Phantom,2,432
Win,Haven,"10/04/20, 4:55 AM",35m 44s,Hichthacker,https://trackercdn.com/cdn/tracker.gg/valorant/db/agents/reyna_thumb.png,226,19 / 15 / 4,11,7,1,1.6,1961,8,8,3,1,1073,Sidearms,Classic,3,334
Win,Haven,"10/04/20, 4:55 AM",35m 44s,Hichthacker,https://trackercdn.com/cdn/tracker.gg/valorant/db/agents/reyna_thumb.png,226,19 / 15 / 4,11,7,1,1.6,1961,8,8,3,1,1073,Sidearms,Ghost,1,135
Win,Haven,"10/04/20, 4:55 AM",35m 44s,Hichthacker,https://trackercdn.com/cdn/tracker.gg/valorant/db/agents/reyna_thumb.png,226,19 / 15 / 4,11,7,1,1.6,1961,8,8,3,1,1073,Heavy Weapons,Ares,1,0
Win,Haven,"10/04/20, 4:55 AM",35m 44s,Riptide69420,https://trackercdn.com/cdn/tracker.gg/valorant/db/agents/cypher_thumb.png,144,12/19/2004,8,9,3,0.9,2276,5,10,1,0.5,828,Assault Rifles,Vandal,6,1171
Win,Haven,"10/04/20, 4:55 AM",35m 44s,Riptide69420,https://trackercdn.com/cdn/tracker.gg/valorant/db/agents/cypher_thumb.png,144,12/19/2004,8,9,3,0.9,2276,5,10,1,0.5,828,SMGs,Spectre,4,690
Win,Haven,"10/04/20, 4:55 AM",35m 44s,Riptide69420,https://trackercdn.com/cdn/tracker.gg/valorant/db/agents/cypher_thumb.png,144,12/19/2004,8,9,3,0.9,2276,5,10,1,0.5,828,Sidearms,Ghost,2,269
Loss,Haven,"10/04/20, 4:55 AM",35m 44s,#,https://trackercdn.com/cdn/tracker.gg/valorant/db/agents/phoenix_thumb.png,251,24 / 19 / 4,12,9,2,1.3,1428,12,10,2,1.2,1881,Assault Rifles,Vandal,8,1146
Loss,Haven,"10/04/20, 4:55 AM",35m 44s,#,https://trackercdn.com/cdn/tracker.gg/valorant/db/agents/phoenix_thumb.png,251,24 / 19 / 4,12,9,2,1.3,1428,12,10,2,1.2,1881,Assault Rifles,Phantom,4,823
Loss,Haven,"10/04/20, 4:55 AM",35m 44s,#,https://trackercdn.com/cdn/tracker.gg/valorant/db/agents/phoenix_thumb.png,251,24 / 19 / 4,12,9,2,1.3,1428,12,10,2,1.2,1881,Sidearms,Ghost,5,770
Loss,Haven,"10/04/20, 4:55 AM",35m 44s,#,https://trackercdn.com/cdn/tracker.gg/valorant/db/agents/phoenix_thumb.png,251,24 / 19 / 4,12,9,2,1.3,1428,12,10,2,1.2,1881,SMGs,Spectre,4,619
Loss,Haven,"10/04/20, 4:55 AM",35m 44s,#,https://trackercdn.com/cdn/tracker.gg/valorant/db/agents/phoenix_thumb.png,251,24 / 19 / 4,12,9,2,1.3,1428,12,10,2,1.2,1881,Sidearms,Classic,3,205
Loss,Haven,"10/04/20, 4:55 AM",35m 44s,Xxc00chiemanxX,https://trackercdn.com/cdn/tracker.gg/valorant/db/agents/omen_thumb.png,244,18 / 20 / 6,8,9,5,0.9,1744,10,11,1,0.9,1908,Assault Rifles,Phantom,11,2107
Loss,Haven,"10/04/20, 4:55 AM",35m 44s,Xxc00chiemanxX,https://trackercdn.com/cdn/tracker.gg/valorant/db/agents/omen_thumb.png,244,18 / 20 / 6,8,9,5,0.9,1744,10,11,1,0.9,1908,Assault Rifles,Vandal,3,474
Loss,Haven,"10/04/20, 4:55 AM",35m 44s,Xxc00chiemanxX,https://trackercdn.com/cdn/tracker.gg/valorant/db/agents/omen_thumb.png,244,18 / 20 / 6,8,9,5,0.9,1744,10,11,1,0.9,1908,SMGs,Spectre,3,460
Loss,Haven,"10/04/20, 4:55 AM",35m 44s,Xxc00chiemanxX,https://trackercdn.com/cdn/tracker.gg/valorant/db/agents/omen_thumb.png,244,18 / 20 / 6,8,9,5,0.9,1744,10,11,1,0.9,1908,Heavy Weapons,Ares,1,150
Loss,Haven,"10/04/20, 4:55 AM",35m 44s,Kotoamatsukami,https://trackercdn.com/cdn/tracker.gg/valorant/db/agents/sage_thumb.png,214,18 / 19 / 7,8,10,2,0.8,1284,10,9,5,1.1,1831,Assault Rifles,Vandal,12,2227
Loss,Haven,"10/04/20, 4:55 AM",35m 44s,Kotoamatsukami,https://trackercdn.com/cdn/tracker.gg/valorant/db/agents/sage_thumb.png,214,18 / 19 / 7,8,10,2,0.8,1284,10,9,5,1.1,1831,SMGs,Spectre,4,621
Loss,Haven,"10/04/20, 4:55 AM",35m 44s,Kotoamatsukami,https://trackercdn.com/cdn/tracker.gg/valorant/db/agents/sage_thumb.png,214,18 / 19 / 7,8,10,2,0.8,1284,10,9,5,1.1,1831,Assault Rifles,Phantom,1,154
Loss,Haven,"10/04/20, 4:55 AM",35m 44s,Kotoamatsukami,https://trackercdn.com/cdn/tracker.gg/valorant/db/agents/sage_thumb.png,214,18 / 19 / 7,8,10,2,0.8,1284,10,9,5,1.1,1831,Sidearms,Classic,1,130
Loss,Haven,"10/04/20, 4:55 AM",35m 44s,leftairpod,https://trackercdn.com/cdn/tracker.gg/valorant/db/agents/reyna_thumb.png,190,15 / 21 / 5,7,10,3,0.7,1212,8,11,2,0.7,1442,Assault Rifles,Vandal,7,1117
Loss,Haven,"10/04/20, 4:55 AM",35m 44s,leftairpod,https://trackercdn.com/cdn/tracker.gg/valorant/db/agents/reyna_thumb.png,190,15 / 21 / 5,7,10,3,0.7,1212,8,11,2,0.7,1442,SMGs,Spectre,2,349
Loss,Haven,"10/04/20, 4:55 AM",35m 44s,leftairpod,https://trackercdn.com/cdn/tracker.gg/valorant/db/agents/reyna_thumb.png,190,15 / 21 / 5,7,10,3,0.7,1212,8,11,2,0.7,1442,Sidearms,Ghost,2,225
Loss,Haven,"10/04/20, 4:55 AM",35m 44s,leftairpod,https://trackercdn.com/cdn/tracker.gg/valorant/db/agents/reyna_thumb.png,190,15 / 21 / 5,7,10,3,0.7,1212,8,11,2,0.7,1442,Assault Rifles,Bulldog,1,185
Loss,Haven,"10/04/20, 4:55 AM",35m 44s,leftairpod,https://trackercdn.com/cdn/tracker.gg/valorant/db/agents/reyna_thumb.png,190,15 / 21 / 5,7,10,3,0.7,1212,8,11,2,0.7,1442,Assault Rifles,Phantom,1,156
Loss,Haven,"10/04/20, 4:55 AM",35m 44s,leftairpod,https://trackercdn.com/cdn/tracker.gg/valorant/db/agents/reyna_thumb.png,190,15 / 21 / 5,7,10,3,0.7,1212,8,11,2,0.7,1442,SMGs,Stinger,1,153
Loss,Haven,"10/04/20, 4:55 AM",35m 44s,leftairpod,https://trackercdn.com/cdn/tracker.gg/valorant/db/agents/reyna_thumb.png,190,15 / 21 / 5,7,10,3,0.7,1212,8,11,2,0.7,1442,Sidearms,Classic,1,152
Loss,Haven,"10/04/20, 4:55 AM",35m 44s,KennyKindaCute,https://trackercdn.com/cdn/tracker.gg/valorant/db/agents/raze_thumb.png,155,11/22/2003,8,11,2,0.7,1679,3,11,1,0.3,886,Assault Rifles,Vandal,8,1453
Loss,Haven,"10/04/20, 4:55 AM",35m 44s,KennyKindaCute,https://trackercdn.com/cdn/tracker.gg/valorant/db/agents/raze_thumb.png,155,11/22/2003,8,11,2,0.7,1679,3,11,1,0.3,886,Sidearms,Classic,1,172
Loss,Haven,"10/04/20, 4:55 AM",35m 44s,KennyKindaCute,https://trackercdn.com/cdn/tracker.gg/valorant/db/agents/raze_thumb.png,155,11/22/2003,8,11,2,0.7,1679,3,11,1,0.3,886,Sidearms,Ghost,1,115
Win,Split,"10/03/20, 9:05 PM",38m 34s,FestyPanda,https://trackercdn.com/cdn/tracker.gg/valorant/db/agents/phoenix_thumb.png,308,23 / 17 / 7,10,8,4,1.3,1879,13,9,3,1.4,2514,Assault Rifles,Phantom,14,2621
Win,Split,"10/03/20, 9:05 PM",38m 34s,FestyPanda,https://trackercdn.com/cdn/tracker.gg/valorant/db/agents/phoenix_thumb.png,308,23 / 17 / 7,10,8,4,1.3,1879,13,9,3,1.4,2514,Assault Rifles,Guardian,3,712
Win,Split,"10/03/20, 9:05 PM",38m 34s,FestyPanda,https://trackercdn.com/cdn/tracker.gg/valorant/db/agents/phoenix_thumb.png,308,23 / 17 / 7,10,8,4,1.3,1879,13,9,3,1.4,2514,SMGs,Spectre,3,413
Win,Split,"10/03/20, 9:05 PM",38m 34s,FestyPanda,https://trackercdn.com/cdn/tracker.gg/valorant/db/agents/phoenix_thumb.png,308,23 / 17 / 7,10,8,4,1.3,1879,13,9,3,1.4,2514,Sidearms,Ghost,2,276
Win,Split,"10/03/20, 9:05 PM",38m 34s,FestyPanda,https://trackercdn.com/cdn/tracker.gg/valorant/db/agents/phoenix_thumb.png,308,23 / 17 / 7,10,8,4,1.3,1879,13,9,3,1.4,2514,Assault Rifles,Vandal,1,0
Win,Split,"10/03/20, 9:05 PM",38m 34s,shehroz303,https://trackercdn.com/cdn/tracker.gg/valorant/db/agents/omen_thumb.png,263,21 / 17 / 4,14,8,1,1.8,2452,8,9,3,0.9,2376,Assault Rifles,Phantom,13,2431
Win,Split,"10/03/20, 9:05 PM",38m 34s,shehroz303,https://trackercdn.com/cdn/tracker.gg/valorant/db/agents/omen_thumb.png,263,21 / 17 / 4,14,8,1,1.8,2452,8,9,3,0.9,2376,Assault Rifles,Vandal,4,682
Win,Split,"10/03/20, 9:05 PM",38m 34s,shehroz303,https://trackercdn.com/cdn/tracker.gg/valorant/db/agents/omen_thumb.png,263,21 / 17 / 4,14,8,1,1.8,2452,8,9,3,0.9,2376,Sidearms,Ghost,2,353
Win,Split,"10/03/20, 9:05 PM",38m 34s,shehroz303,https://trackercdn.com/cdn/tracker.gg/valorant/db/agents/omen_thumb.png,263,21 / 17 / 4,14,8,1,1.8,2452,8,9,3,0.9,2376,SMGs,Spectre,2,330
Win,Split,"10/03/20, 9:05 PM",38m 34s,BoonChakalaka,https://trackercdn.com/cdn/tracker.gg/valorant/db/agents/reyna_thumb.png,242,19 / 18 / 5,6,9,3,0.7,1246,13,9,2,1.4,2131,Assault Rifles,Phantom,5,946
Win,Split,"10/03/20, 9:05 PM",38m 34s,BoonChakalaka,https://trackercdn.com/cdn/tracker.gg/valorant/db/agents/reyna_thumb.png,242,19 / 18 / 5,6,9,3,0.7,1246,13,9,2,1.4,2131,Assault Rifles,Vandal,4,790
Win,Split,"10/03/20, 9:05 PM",38m 34s,BoonChakalaka,https://trackercdn.com/cdn/tracker.gg/valorant/db/agents/reyna_thumb.png,242,19 / 18 / 5,6,9,3,0.7,1246,13,9,2,1.4,2131,Sidearms,Ghost,4,655
Win,Split,"10/03/20, 9:05 PM",38m 34s,BoonChakalaka,https://trackercdn.com/cdn/tracker.gg/valorant/db/agents/reyna_thumb.png,242,19 / 18 / 5,6,9,3,0.7,1246,13,9,2,1.4,2131,SMGs,Spectre,4,619
Win,Split,"10/03/20, 9:05 PM",38m 34s,BoonChakalaka,https://trackercdn.com/cdn/tracker.gg/valorant/db/agents/reyna_thumb.png,242,19 / 18 / 5,6,9,3,0.7,1246,13,9,2,1.4,2131,Sniper Rifles,Marshal,1,206
Win,Split,"10/03/20, 9:05 PM",38m 34s,BoonChakalaka,https://trackercdn.com/cdn/tracker.gg/valorant/db/agents/reyna_thumb.png,242,19 / 18 / 5,6,9,3,0.7,1246,13,9,2,1.4,2131,Sniper Rifles,Operator,1,150
Win,Split,"10/03/20, 9:05 PM",38m 34s,cacahouete,https://trackercdn.com/cdn/tracker.gg/valorant/db/agents/raze_thumb.png,177,11/18/2007,7,7,1,1,1866,4,11,6,0.4,1386,Assault Rifles,Phantom,5,1020
Win,Split,"10/03/20, 9:05 PM",38m 34s,cacahouete,https://trackercdn.com/cdn/tracker.gg/valorant/db/agents/raze_thumb.png,177,11/18/2007,7,7,1,1,1866,4,11,6,0.4,1386,Assault Rifles,Bulldog,3,661
Win,Split,"10/03/20, 9:05 PM",38m 34s,cacahouete,https://trackercdn.com/cdn/tracker.gg/valorant/db/agents/raze_thumb.png,177,11/18/2007,7,7,1,1,1866,4,11,6,0.4,1386,Sidearms,Classic,2,396
Win,Split,"10/03/20, 9:05 PM",38m 34s,JustG0in,https://trackercdn.com/cdn/tracker.gg/valorant/db/agents/sage_thumb.png,134,13 / 15 / 0,7,7,0,1,797,7,8,0,0.9,1634,Heavy Weapons,Odin,5,884
Win,Split,"10/03/20, 9:05 PM",38m 34s,JustG0in,https://trackercdn.com/cdn/tracker.gg/valorant/db/agents/sage_thumb.png,134,13 / 15 / 0,7,7,0,1,797,7,8,0,0.9,1634,Assault Rifles,Phantom,4,347
Win,Split,"10/03/20, 9:05 PM",38m 34s,JustG0in,https://trackercdn.com/cdn/tracker.gg/valorant/db/agents/sage_thumb.png,134,13 / 15 / 0,7,7,0,1,797,7,8,0,0.9,1634,Sidearms,Ghost,2,270
Win,Split,"10/03/20, 9:05 PM",38m 34s,JustG0in,https://trackercdn.com/cdn/tracker.gg/valorant/db/agents/sage_thumb.png,134,13 / 15 / 0,7,7,0,1,797,7,8,0,0.9,1634,SMGs,Spectre,1,152
Loss,Split,"10/03/20, 9:05 PM",38m 34s,A55a55inHong,https://trackercdn.com/cdn/tracker.gg/valorant/db/agents/reyna_thumb.png,268,23 / 19 / 1,12,10,1,1.2,1942,11,9,0,1.2,1542,SMGs,Spectre,10,1545
Loss,Split,"10/03/20, 9:05 PM",38m 34s,A55a55inHong,https://trackercdn.com/cdn/tracker.gg/valorant/db/agents/reyna_thumb.png,268,23 / 19 / 1,12,10,1,1.2,1942,11,9,0,1.2,1542,Assault Rifles,Phantom,9,1400
Loss,Split,"10/03/20, 9:05 PM",38m 34s,A55a55inHong,https://trackercdn.com/cdn/tracker.gg/valorant/db/agents/reyna_thumb.png,268,23 / 19 / 1,12,10,1,1.2,1942,11,9,0,1.2,1542,Sidearms,Ghost,2,334
Loss,Split,"10/03/20, 9:05 PM",38m 34s,A55a55inHong,https://trackercdn.com/cdn/tracker.gg/valorant/db/agents/reyna_thumb.png,268,23 / 19 / 1,12,10,1,1.2,1942,11,9,0,1.2,1542,Sidearms,Frenzy,1,156
Loss,Split,"10/03/20, 9:05 PM",38m 34s,Chewie,https://trackercdn.com/cdn/tracker.gg/valorant/db/agents/sova_thumb.png,266,20 / 15 / 7,11,8,6,1.4,2397,9,7,1,1.3,1080,Assault Rifles,Phantom,7,966
Loss,Split,"10/03/20, 9:05 PM",38m 34s,Chewie,https://trackercdn.com/cdn/tracker.gg/valorant/db/agents/sova_thumb.png,266,20 / 15 / 7,11,8,6,1.4,2397,9,7,1,1.3,1080,SMGs,Spectre,6,952
Loss,Split,"10/03/20, 9:05 PM",38m 34s,Chewie,https://trackercdn.com/cdn/tracker.gg/valorant/db/agents/sova_thumb.png,266,20 / 15 / 7,11,8,6,1.4,2397,9,7,1,1.3,1080,Sidearms,Classic,3,416
Loss,Split,"10/03/20, 9:05 PM",38m 34s,scooped,https://trackercdn.com/cdn/tracker.gg/valorant/db/agents/omen_thumb.png,246,21 / 16 / 3,13,8,1,1.6,2126,8,8,2,1,959,Assault Rifles,Phantom,13,2385
Loss,Split,"10/03/20, 9:05 PM",38m 34s,scooped,https://trackercdn.com/cdn/tracker.gg/valorant/db/agents/omen_thumb.png,246,21 / 16 / 3,13,8,1,1.6,2126,8,8,2,1,959,Sidearms,Ghost,2,322
Loss,Split,"10/03/20, 9:05 PM",38m 34s,scooped,https://trackercdn.com/cdn/tracker.gg/valorant/db/agents/omen_thumb.png,246,21 / 16 / 3,13,8,1,1.6,2126,8,8,2,1,959,Assault Rifles,Vandal,5,320
Loss,Split,"10/03/20, 9:05 PM",38m 34s,scooped,https://trackercdn.com/cdn/tracker.gg/valorant/db/agents/omen_thumb.png,246,21 / 16 / 3,13,8,1,1.6,2126,8,8,2,1,959,Sidearms,Classic,1,167
Loss,Split,"10/03/20, 9:05 PM",38m 34s,KodakMoments,https://trackercdn.com/cdn/tracker.gg/valorant/db/agents/jett_thumb.png,189,14 / 19 / 6,8,9,3,0.9,1415,6,10,3,0.6,1260,Assault Rifles,Phantom,7,1199
Loss,Split,"10/03/20, 9:05 PM",38m 34s,KodakMoments,https://trackercdn.com/cdn/tracker.gg/valorant/db/agents/jett_thumb.png,189,14 / 19 / 6,8,9,3,0.9,1415,6,10,3,0.6,1260,SMGs,Spectre,6,942
Loss,Split,"10/03/20, 9:05 PM",38m 34s,KodakMoments,https://trackercdn.com/cdn/tracker.gg/valorant/db/agents/jett_thumb.png,189,14 / 19 / 6,8,9,3,0.9,1415,6,10,3,0.6,1260,Shotguns,Bucky,1,152
Loss,Split,"10/03/20, 9:05 PM",38m 34s,Pancakesツ,https://trackercdn.com/cdn/tracker.gg/valorant/db/agents/sage_thumb.png,80,5/18/2007,0,8,4,0,183,5,10,3,0.5,1160,Assault Rifles,Vandal,2,360
Loss,Split,"10/03/20, 9:05 PM",38m 34s,Pancakesツ,https://trackercdn.com/cdn/tracker.gg/valorant/db/agents/sage_thumb.png,80,5/18/2007,0,8,4,0,183,5,10,3,0.5,1160,Sidearms,Ghost,2,350
Loss,Split,"10/03/20, 9:05 PM",38m 34s,Pancakesツ,https://trackercdn.com/cdn/tracker.gg/valorant/db/agents/sage_thumb.png,80,5/18/2007,0,8,4,0,183,5,10,3,0.5,1160,Sidearms,Classic,1,156
Win,Haven,"10/03/20, 8:35 PM",25m 48s,shehroz303,https://trackercdn.com/cdn/tracker.gg/valorant/db/agents/reyna_thumb.png,468,26 / 8 / 2,21,6,2,3.5,3669,5,2,0,2.5,656,Assault Rifles,Vandal,12,2265
Win,Haven,"10/03/20, 8:35 PM",25m 48s,shehroz303,https://trackercdn.com/cdn/tracker.gg/valorant/db/agents/reyna_thumb.png,468,26 / 8 / 2,21,6,2,3.5,3669,5,2,0,2.5,656,Sidearms,Ghost,8,1155
Win,Haven,"10/03/20, 8:35 PM",25m 48s,shehroz303,https://trackercdn.com/cdn/tracker.gg/valorant/db/agents/reyna_thumb.png,468,26 / 8 / 2,21,6,2,3.5,3669,5,2,0,2.5,656,Assault Rifles,Phantom,5,1031
Win,Haven,"10/03/20, 8:35 PM",25m 48s,shehroz303,https://trackercdn.com/cdn/tracker.gg/valorant/db/agents/reyna_thumb.png,468,26 / 8 / 2,21,6,2,3.5,3669,5,2,0,2.5,656,SMGs,Spectre,1,0
Win,Haven,"10/03/20, 8:35 PM",25m 48s,WhatTheFlauk,https://trackercdn.com/cdn/tracker.gg/valorant/db/agents/sage_thumb.png,227,12/9/2007,7,8,6,0.9,1807,5,1,1,5,229,Assault Rifles,Phantom,8,1140
Win,Haven,"10/03/20, 8:35 PM",25m 48s,WhatTheFlauk,https://trackercdn.com/cdn/tracker.gg/valorant/db/agents/sage_thumb.png,227,12/9/2007,7,8,6,0.9,1807,5,1,1,5,229,Assault Rifles,Bulldog,2,320
Win,Haven,"10/03/20, 8:35 PM",25m 48s,WhatTheFlauk,https://trackercdn.com/cdn/tracker.gg/valorant/db/agents/sage_thumb.png,227,12/9/2007,7,8,6,0.9,1807,5,1,1,5,229,Sidearms,Classic,1,175
Win,Haven,"10/03/20, 8:35 PM",25m 48s,WhatTheFlauk,https://trackercdn.com/cdn/tracker.gg/valorant/db/agents/sage_thumb.png,227,12/9/2007,7,8,6,0.9,1807,5,1,1,5,229,Sidearms,Ghost,1,106
Win,Haven,"10/03/20, 8:35 PM",25m 48s,Mashix,https://trackercdn.com/cdn/tracker.gg/valorant/db/agents/raze_thumb.png,227,14 / 6 / 3,12,5,3,2.4,1892,2,1,0,2,111,Assault Rifles,Phantom,10,1834
Win,Haven,"10/03/20, 8:35 PM",25m 48s,Mashix,https://trackercdn.com/cdn/tracker.gg/valorant/db/agents/raze_thumb.png,227,14 / 6 / 3,12,5,3,2.4,1892,2,1,0,2,111,SMGs,Spectre,2,322
Win,Haven,"10/03/20, 8:35 PM",25m 48s,Mashix,https://trackercdn.com/cdn/tracker.gg/valorant/db/agents/raze_thumb.png,227,14 / 6 / 3,12,5,3,2.4,1892,2,1,0,2,111,Sidearms,Ghost,2,111
Win,Haven,"10/03/20, 8:35 PM",25m 48s,F4CE,https://trackercdn.com/cdn/tracker.gg/valorant/db/agents/viper_thumb.png,201,10/10/2004,10,8,3,1.3,2047,0,2,1,0,60,Assault Rifles,Phantom,8,1522
Win,Haven,"10/03/20, 8:35 PM",25m 48s,F4CE,https://trackercdn.com/cdn/tracker.gg/valorant/db/agents/viper_thumb.png,201,10/10/2004,10,8,3,1.3,2047,0,2,1,0,60,Sidearms,Classic,1,156
Win,Haven,"10/03/20, 8:35 PM",25m 48s,F4CE,https://trackercdn.com/cdn/tracker.gg/valorant/db/agents/viper_thumb.png,201,10/10/2004,10,8,3,1.3,2047,0,2,1,0,60,Sidearms,Ghost,1,105
Win,Haven,"10/03/20, 8:35 PM",25m 48s,LushesQt,https://trackercdn.com/cdn/tracker.gg/valorant/db/agents/omen_thumb.png,156,9/7/2002,8,5,1,1.6,1220,1,2,1,0.5,151,Assault Rifles,Vandal,4,712
Win,Haven,"10/03/20, 8:35 PM",25m 48s,LushesQt,https://trackercdn.com/cdn/tracker.gg/valorant/db/agents/omen_thumb.png,156,9/7/2002,8,5,1,1.6,1220,1,2,1,0.5,151,Sniper Rifles,Operator,2,464
Win,Haven,"10/03/20, 8:35 PM",25m 48s,LushesQt,https://trackercdn.com/cdn/tracker.gg/valorant/db/agents/omen_thumb.png,156,9/7/2002,8,5,1,1.6,1220,1,2,1,0.5,151,Sidearms,Classic,2,209
Win,Haven,"10/03/20, 8:35 PM",25m 48s,LushesQt,https://trackercdn.com/cdn/tracker.gg/valorant/db/agents/omen_thumb.png,156,9/7/2002,8,5,1,1.6,1220,1,2,1,0.5,151,Sidearms,Ghost,1,165
Loss,Haven,"10/03/20, 8:35 PM",25m 48s,Drowzey,https://trackercdn.com/cdn/tracker.gg/valorant/db/agents/raze_thumb.png,294,13 / 14 / 3,2,3,3,0.7,507,11,11,0,1,2194,Assault Rifles,Phantom,5,908
Loss,Haven,"10/03/20, 8:35 PM",25m 48s,Drowzey,https://trackercdn.com/cdn/tracker.gg/valorant/db/agents/raze_thumb.png,294,13 / 14 / 3,2,3,3,0.7,507,11,11,0,1,2194,SMGs,Spectre,5,841
Loss,Haven,"10/03/20, 8:35 PM",25m 48s,Drowzey,https://trackercdn.com/cdn/tracker.gg/valorant/db/agents/raze_thumb.png,294,13 / 14 / 3,2,3,3,0.7,507,11,11,0,1,2194,SMGs,Stinger,1,175
Loss,Haven,"10/03/20, 8:35 PM",25m 48s,Drowzey,https://trackercdn.com/cdn/tracker.gg/valorant/db/agents/raze_thumb.png,294,13 / 14 / 3,2,3,3,0.7,507,11,11,0,1,2194,Sidearms,Classic,1,143
Loss,Haven,"10/03/20, 8:35 PM",25m 48s,GreyPissed,https://trackercdn.com/cdn/tracker.gg/valorant/db/agents/breach_thumb.png,283,15 / 15 / 1,2,3,1,0.7,177,13,12,0,1.1,2179,Assault Rifles,Vandal,7,1299
Loss,Haven,"10/03/20, 8:35 PM",25m 48s,GreyPissed,https://trackercdn.com/cdn/tracker.gg/valorant/db/agents/breach_thumb.png,283,15 / 15 / 1,2,3,1,0.7,177,13,12,0,1.1,2179,SMGs,Spectre,4,884
Loss,Haven,"10/03/20, 8:35 PM",25m 48s,GreyPissed,https://trackercdn.com/cdn/tracker.gg/valorant/db/agents/breach_thumb.png,283,15 / 15 / 1,2,3,1,0.7,177,13,12,0,1.1,2179,Sidearms,Classic,3,483
Loss,Haven,"10/03/20, 8:35 PM",25m 48s,GreyPissed,https://trackercdn.com/cdn/tracker.gg/valorant/db/agents/breach_thumb.png,283,15 / 15 / 1,2,3,1,0.7,177,13,12,0,1.1,2179,Sidearms,Ghost,1,171
Loss,Haven,"10/03/20, 8:35 PM",25m 48s,Libra,https://trackercdn.com/cdn/tracker.gg/valorant/db/agents/cypher_thumb.png,183,7/13/2002,2,2,0,1,396,5,11,2,0.5,1515,Assault Rifles,Phantom,3,612
Loss,Haven,"10/03/20, 8:35 PM",25m 48s,Libra,https://trackercdn.com/cdn/tracker.gg/valorant/db/agents/cypher_thumb.png,183,7/13/2002,2,2,0,1,396,5,11,2,0.5,1515,Shotguns,Bucky,2,306
Loss,Haven,"10/03/20, 8:35 PM",25m 48s,Libra,https://trackercdn.com/cdn/tracker.gg/valorant/db/agents/cypher_thumb.png,183,7/13/2002,2,2,0,1,396,5,11,2,0.5,1515,Heavy Weapons,Ares,1,162
Loss,Haven,"10/03/20, 8:35 PM",25m 48s,Libra,https://trackercdn.com/cdn/tracker.gg/valorant/db/agents/cypher_thumb.png,183,7/13/2002,2,2,0,1,396,5,11,2,0.5,1515,Assault Rifles,Vandal,1,160
Loss,Haven,"10/03/20, 8:35 PM",25m 48s,soapp,https://trackercdn.com/cdn/tracker.gg/valorant/db/agents/sage_thumb.png,93,2/15/2007,0,3,2,0,145,2,12,5,0.2,846,SMGs,Spectre,1,151
Loss,Haven,"10/03/20, 8:35 PM",25m 48s,soapp,https://trackercdn.com/cdn/tracker.gg/valorant/db/agents/sage_thumb.png,93,2/15/2007,0,3,2,0,145,2,12,5,0.2,846,Sidearms,Ghost,1,99
Loss,Haven,"10/03/20, 8:35 PM",25m 48s,hockeymaniac,https://trackercdn.com/cdn/tracker.gg/valorant/db/agents/omen_thumb.png,64,3/14/2002,2,2,1,1,229,1,12,1,0.1,313,Shotguns,Bucky,2,332
Loss,Haven,"10/03/20, 8:35 PM",25m 48s,hockeymaniac,https://trackercdn.com/cdn/tracker.gg/valorant/db/agents/omen_thumb.png,64,3/14/2002,2,2,1,1,229,1,12,1,0.1,313,SMGs,Spectre,1,156
Win,Bind,"10/03/20, 7:52 PM",30m 11s,Yourix,https://trackercdn.com/cdn/tracker.gg/valorant/db/agents/raze_thumb.png,373,25 / 8 / 3,6,2,1,3,1063,19,6,2,3.2,2994,Assault Rifles,Vandal,12,2061
Win,Bind,"10/03/20, 7:52 PM",30m 11s,Yourix,https://trackercdn.com/cdn/tracker.gg/valorant/db/agents/raze_thumb.png,373,25 / 8 / 3,6,2,1,3,1063,19,6,2,3.2,2994,Assault Rifles,Phantom,6,1009
Win,Bind,"10/03/20, 7:52 PM",30m 11s,Yourix,https://trackercdn.com/cdn/tracker.gg/valorant/db/agents/raze_thumb.png,373,25 / 8 / 3,6,2,1,3,1063,19,6,2,3.2,2994,Sidearms,Ghost,1,137
Win,Bind,"10/03/20, 7:52 PM",30m 11s,Yourix,https://trackercdn.com/cdn/tracker.gg/valorant/db/agents/raze_thumb.png,373,25 / 8 / 3,6,2,1,3,1063,19,6,2,3.2,2994,SMGs,Spectre,1,110
Win,Bind,"10/03/20, 7:52 PM",30m 11s,Yourix,https://trackercdn.com/cdn/tracker.gg/valorant/db/agents/raze_thumb.png,373,25 / 8 / 3,6,2,1,3,1063,19,6,2,3.2,2994,Sidearms,Classic,1,102
Win,Bind,"10/03/20, 7:52 PM",30m 11s,shottyxD1,https://trackercdn.com/cdn/tracker.gg/valorant/db/agents/phoenix_thumb.png,272,19 / 11 / 5,4,5,4,0.8,956,15,6,1,2.5,2456,Assault Rifles,Phantom,9,1900
Win,Bind,"10/03/20, 7:52 PM",30m 11s,shottyxD1,https://trackercdn.com/cdn/tracker.gg/valorant/db/agents/phoenix_thumb.png,272,19 / 11 / 5,4,5,4,0.8,956,15,6,1,2.5,2456,Assault Rifles,Vandal,6,1209
Win,Bind,"10/03/20, 7:52 PM",30m 11s,shottyxD1,https://trackercdn.com/cdn/tracker.gg/valorant/db/agents/phoenix_thumb.png,272,19 / 11 / 5,4,5,4,0.8,956,15,6,1,2.5,2456,Sidearms,Classic,2,204
Win,Bind,"10/03/20, 7:52 PM",30m 11s,shottyxD1,https://trackercdn.com/cdn/tracker.gg/valorant/db/agents/phoenix_thumb.png,272,19 / 11 / 5,4,5,4,0.8,956,15,6,1,2.5,2456,Sniper Rifles,Operator,1,150
Win,Bind,"10/03/20, 7:52 PM",30m 11s,shottyxD1,https://trackercdn.com/cdn/tracker.gg/valorant/db/agents/phoenix_thumb.png,272,19 / 11 / 5,4,5,4,0.8,956,15,6,1,2.5,2456,Sidearms,Ghost,1,113
Win,Bind,"10/03/20, 7:52 PM",30m 11s,shehroz303,https://trackercdn.com/cdn/tracker.gg/valorant/db/agents/reyna_thumb.png,235,18 / 11 / 1,11,4,0,2.8,1195,7,7,1,1,909,Sidearms,Ghost,7,895
Win,Bind,"10/03/20, 7:52 PM",30m 11s,shehroz303,https://trackercdn.com/cdn/tracker.gg/valorant/db/agents/reyna_thumb.png,235,18 / 11 / 1,11,4,0,2.8,1195,7,7,1,1,909,Assault Rifles,Vandal,7,822
Win,Bind,"10/03/20, 7:52 PM",30m 11s,shehroz303,https://trackercdn.com/cdn/tracker.gg/valorant/db/agents/reyna_thumb.png,235,18 / 11 / 1,11,4,0,2.8,1195,7,7,1,1,909,SMGs,Spectre,3,414
Win,Bind,"10/03/20, 7:52 PM",30m 11s,shehroz303,https://trackercdn.com/cdn/tracker.gg/valorant/db/agents/reyna_thumb.png,235,18 / 11 / 1,11,4,0,2.8,1195,7,7,1,1,909,Assault Rifles,Phantom,1,175
Win,Bind,"10/03/20, 7:52 PM",30m 11s,McDavyToWavy,https://trackercdn.com/cdn/tracker.gg/valorant/db/agents/omen_thumb.png,181,12/14/2002,8,4,0,2,855,4,10,2,0.4,1099,Assault Rifles,Phantom,7,914
Win,Bind,"10/03/20, 7:52 PM",30m 11s,McDavyToWavy,https://trackercdn.com/cdn/tracker.gg/valorant/db/agents/omen_thumb.png,181,12/14/2002,8,4,0,2,855,4,10,2,0.4,1099,Assault Rifles,Vandal,2,296
Win,Bind,"10/03/20, 7:52 PM",30m 11s,McDavyToWavy,https://trackercdn.com/cdn/tracker.gg/valorant/db/agents/omen_thumb.png,181,12/14/2002,8,4,0,2,855,4,10,2,0.4,1099,Sidearms,Shorty,1,198
Win,Bind,"10/03/20, 7:52 PM",30m 11s,McDavyToWavy,https://trackercdn.com/cdn/tracker.gg/valorant/db/agents/omen_thumb.png,181,12/14/2002,8,4,0,2,855,4,10,2,0.4,1099,Sidearms,Classic,1,154
Win,Bind,"10/03/20, 7:52 PM",30m 11s,McDavyToWavy,https://trackercdn.com/cdn/tracker.gg/valorant/db/agents/omen_thumb.png,181,12/14/2002,8,4,0,2,855,4,10,2,0.4,1099,Sidearms,Ghost,1,100
Win,Bind,"10/03/20, 7:52 PM",30m 11s,z3zmo,https://trackercdn.com/cdn/tracker.gg/valorant/db/agents/sage_thumb.png,177,11/14/2008,4,5,1,0.8,646,7,9,7,0.8,1533,Assault Rifles,Vandal,11,1988
Loss,Bind,"10/03/20, 7:52 PM",30m 11s,CCloudzz,https://trackercdn.com/cdn/tracker.gg/valorant/db/agents/reyna_thumb.png,218,13 / 17 / 5,11,10,3,1.1,1997,2,7,2,0.3,625,Assault Rifles,Vandal,5,892
Loss,Bind,"10/03/20, 7:52 PM",30m 11s,CCloudzz,https://trackercdn.com/cdn/tracker.gg/valorant/db/agents/reyna_thumb.png,218,13 / 17 / 5,11,10,3,1.1,1997,2,7,2,0.3,625,Assault Rifles,Guardian,2,400
Loss,Bind,"10/03/20, 7:52 PM",30m 11s,CCloudzz,https://trackercdn.com/cdn/tracker.gg/valorant/db/agents/reyna_thumb.png,218,13 / 17 / 5,11,10,3,1.1,1997,2,7,2,0.3,625,Heavy Weapons,Ares,2,398
Loss,Bind,"10/03/20, 7:52 PM",30m 11s,CCloudzz,https://trackercdn.com/cdn/tracker.gg/valorant/db/agents/reyna_thumb.png,218,13 / 17 / 5,11,10,3,1.1,1997,2,7,2,0.3,625,Sidearms,Ghost,3,346
Loss,Bind,"10/03/20, 7:52 PM",30m 11s,CCloudzz,https://trackercdn.com/cdn/tracker.gg/valorant/db/agents/reyna_thumb.png,218,13 / 17 / 5,11,10,3,1.1,1997,2,7,2,0.3,625,SMGs,Spectre,1,166
Loss,Bind,"10/03/20, 7:52 PM",30m 11s,Yakfal7Return,https://trackercdn.com/cdn/tracker.gg/valorant/db/agents/raze_thumb.png,213,14 / 15 / 4,9,9,3,1,1772,5,6,1,0.8,880,Assault Rifles,Phantom,5,1081
Loss,Bind,"10/03/20, 7:52 PM",30m 11s,Yakfal7Return,https://trackercdn.com/cdn/tracker.gg/valorant/db/agents/raze_thumb.png,213,14 / 15 / 4,9,9,3,1,1772,5,6,1,0.8,880,SMGs,Stinger,2,403
Loss,Bind,"10/03/20, 7:52 PM",30m 11s,Yakfal7Return,https://trackercdn.com/cdn/tracker.gg/valorant/db/agents/raze_thumb.png,213,14 / 15 / 4,9,9,3,1,1772,5,6,1,0.8,880,Assault Rifles,Vandal,1,240
Loss,Bind,"10/03/20, 7:52 PM",30m 11s,Yakfal7Return,https://trackercdn.com/cdn/tracker.gg/valorant/db/agents/raze_thumb.png,213,14 / 15 / 4,9,9,3,1,1772,5,6,1,0.8,880,Shotguns,Bucky,1,213
Loss,Bind,"10/03/20, 7:52 PM",30m 11s,Yakfal7Return,https://trackercdn.com/cdn/tracker.gg/valorant/db/agents/raze_thumb.png,213,14 / 15 / 4,9,9,3,1,1772,5,6,1,0.8,880,Heavy Weapons,Ares,1,158
Loss,Bind,"10/03/20, 7:52 PM",30m 11s,Kelticknot,https://trackercdn.com/cdn/tracker.gg/valorant/db/agents/sage_thumb.png,212,11/16/2007,6,10,5,0.6,1628,5,6,2,0.8,974,Assault Rifles,Vandal,8,1464
Loss,Bind,"10/03/20, 7:52 PM",30m 11s,Kelticknot,https://trackercdn.com/cdn/tracker.gg/valorant/db/agents/sage_thumb.png,212,11/16/2007,6,10,5,0.6,1628,5,6,2,0.8,974,SMGs,Spectre,1,182
Loss,Bind,"10/03/20, 7:52 PM",30m 11s,Kelticknot,https://trackercdn.com/cdn/tracker.gg/valorant/db/agents/sage_thumb.png,212,11/16/2007,6,10,5,0.6,1628,5,6,2,0.8,974,Sidearms,Classic,1,158
Loss,Bind,"10/03/20, 7:52 PM",30m 11s,Kelticknot,https://trackercdn.com/cdn/tracker.gg/valorant/db/agents/sage_thumb.png,212,11/16/2007,6,10,5,0.6,1628,5,6,2,0.8,974,Shotguns,Judge,1,153
Loss,Bind,"10/03/20, 7:52 PM",30m 11s,ForceMajueure,https://trackercdn.com/cdn/tracker.gg/valorant/db/agents/omen_thumb.png,198,12/19/2004,6,12,3,0.5,1277,6,7,1,0.9,851,SMGs,Spectre,5,724
Loss,Bind,"10/03/20, 7:52 PM",30m 11s,ForceMajueure,https://trackercdn.com/cdn/tracker.gg/valorant/db/agents/omen_thumb.png,198,12/19/2004,6,12,3,0.5,1277,6,7,1,0.9,851,Assault Rifles,Bulldog,3,594
Loss,Bind,"10/03/20, 7:52 PM",30m 11s,ForceMajueure,https://trackercdn.com/cdn/tracker.gg/valorant/db/agents/omen_thumb.png,198,12/19/2004,6,12,3,0.5,1277,6,7,1,0.9,851,Assault Rifles,Vandal,3,485
Loss,Bind,"10/03/20, 7:52 PM",30m 11s,ForceMajueure,https://trackercdn.com/cdn/tracker.gg/valorant/db/agents/omen_thumb.png,198,12/19/2004,6,12,3,0.5,1277,6,7,1,0.9,851,Sidearms,Classic,1,122
Loss,Bind,"10/03/20, 7:52 PM",30m 11s,mcmacaroon,https://trackercdn.com/cdn/tracker.gg/valorant/db/agents/cypher_thumb.png,145,8/18/2005,6,11,4,0.5,1352,2,7,1,0.3,412,Heavy Weapons,Ares,3,498
Loss,Bind,"10/03/20, 7:52 PM",30m 11s,mcmacaroon,https://trackercdn.com/cdn/tracker.gg/valorant/db/agents/cypher_thumb.png,145,8/18/2005,6,11,4,0.5,1352,2,7,1,0.3,412,Assault Rifles,Phantom,3,487
Loss,Bind,"10/03/20, 7:52 PM",30m 11s,mcmacaroon,https://trackercdn.com/cdn/tracker.gg/valorant/db/agents/cypher_thumb.png,145,8/18/2005,6,11,4,0.5,1352,2,7,1,0.3,412,Sidearms,Classic,1,143
Loss,Bind,"10/03/20, 7:52 PM",30m 11s,mcmacaroon,https://trackercdn.com/cdn/tracker.gg/valorant/db/agents/cypher_thumb.png,145,8/18/2005,6,11,4,0.5,1352,2,7,1,0.3,412,SMGs,Spectre,1,0
